Title,Media URL,Pinterest board,Description,Link
"Aries Weekly Tarot Digest | Oct 5–11, 2026",https://wtd-pinterest-assets.vercel.app/videos/2026-10-05/aries.mp4,Weekly Tarot Digest,"Weekly Tarot Digest compares 5 independent Aries tarot readings for Oct 5–11, 2026 and identifies the recurring themes.",https://weekly-tarot-digest.vercel.app/digest-aries.html
"Taurus Weekly Tarot Digest | Oct 5–11, 2026",https://wtd-pinterest-assets.vercel.app/videos/2026-10-05/taurus.mp4,Weekly Tarot Digest,"Weekly Tarot Digest compares 5 independent Taurus tarot readings for Oct 5–11, 2026 and identifies the recurring themes.",https://weekly-tarot-digest.vercel.app/digest-taurus.html
"Gemini Weekly Tarot Digest | Oct 5–11, 2026",https://wtd-pinterest-assets.vercel.app/videos/2026-10-05/gemini.mp4,Weekly Tarot Digest,"Weekly Tarot Digest compares 5 independent Gemini tarot readings for Oct 5–11, 2026 and identifies the recurring themes.",https://weekly-tarot-digest.vercel.app/digest-gemini.html
"Cancer Weekly Tarot Digest | Oct 5–11, 2026",https://wtd-pinterest-assets.vercel.app/videos/2026-10-05/cancer.mp4,Weekly Tarot Digest,"Weekly Tarot Digest compares 5 independent Cancer tarot readings for Oct 5–11, 2026 and identifies the recurring themes.",https://weekly-tarot-digest.vercel.app/digest-cancer.html
"Leo Weekly Tarot Digest | Oct 5–11, 2026",https://wtd-pinterest-assets.vercel.app/videos/2026-10-05/leo.mp4,Weekly Tarot Digest,"Weekly Tarot Digest compares 5 independent Leo tarot readings for Oct 5–11, 2026 and identifies the recurring themes.",https://weekly-tarot-digest.vercel.app/digest-leo.html
"Virgo Weekly Tarot Digest | Oct 5–11, 2026",https://wtd-pinterest-assets.vercel.app/videos/2026-10-05/virgo.mp4,Weekly Tarot Digest,"Weekly Tarot Digest compares 5 independent Virgo tarot readings for Oct 5–11, 2026 and identifies the recurring themes.",https://weekly-tarot-digest.vercel.app/digest-virgo.html
"Libra Weekly Tarot Digest | Oct 5–11, 2026",https://wtd-pinterest-assets.vercel.app/videos/2026-10-05/libra.mp4,Weekly Tarot Digest,"Weekly Tarot Digest compares 5 independent Libra tarot readings for Oct 5–11, 2026 and identifies the recurring themes.",https://weekly-tarot-digest.vercel.app/digest-libra.html
"Scorpio Weekly Tarot Digest | Oct 5–11, 2026",https://wtd-pinterest-assets.vercel.app/videos/2026-10-05/scorpio.mp4,Weekly Tarot Digest,"Weekly Tarot Digest compares 5 independent Scorpio tarot readings for Oct 5–11, 2026 and identifies the recurring themes.",https://weekly-tarot-digest.vercel.app/digest-scorpio.html
"Sagittarius Weekly Tarot Digest | Oct 5–11, 2026",https://wtd-pinterest-assets.vercel.app/videos/2026-10-05/sagittarius.mp4,Weekly Tarot Digest,"Weekly Tarot Digest compares 5 independent Sagittarius tarot readings for Oct 5–11, 2026 and identifies the recurring themes.",https://weekly-tarot-digest.vercel.app/digest-sagittarius.html
"Capricorn Weekly Tarot Digest | Oct 5–11, 2026",https://wtd-pinterest-assets.vercel.app/videos/2026-10-05/capricorn.mp4,Weekly Tarot Digest,"Weekly Tarot Digest compares 5 independent Capricorn tarot readings for Oct 5–11, 2026 and identifies the recurring themes.",https://weekly-tarot-digest.vercel.app/digest-capricorn.html
"Aquarius Weekly Tarot Digest | Oct 5–11, 2026",https://wtd-pinterest-assets.vercel.app/videos/2026-10-05/aquarius.mp4,Weekly Tarot Digest,"Weekly Tarot Digest compares 5 independent Aquarius tarot readings for Oct 5–11, 2026 and identifies the recurring themes.",https://weekly-tarot-digest.vercel.app/digest-aquarius.html
"Pisces Weekly Tarot Digest | Oct 5–11, 2026",https://wtd-pinterest-assets.vercel.app/videos/2026-10-05/pisces.mp4,Weekly Tarot Digest,"Weekly Tarot Digest compares 5 independent Pisces tarot readings for Oct 5–11, 2026 and identifies the recurring themes.",https://weekly-tarot-digest.vercel.app/digest-pisces.html
